slug,title,year,decade,genres,language,runtime,logline,status,licence_note,territory,credit,publish
1984-1956,1984,1956,1950s,Drama; Sci-Fi,English,87,"In a totalitarian future society, Winston Smith, whose daily work is re-writing history, tries to rebel by falling in love.",Available,No current licence on this title. Available across all platforms and territories.,,,yes
a-double-life-1947,A Double Life,1947,1940s,Drama; Film-Noir,,,"An actor so committed to his craft that he can't shake his roles off stage begins to merge with the murderous character of Othello, with fatal consequences.",Licensed,Non-exclusive YouTube licence (VA Media). Available for additional licensing.,"US, CA, UK/Ire, ANZ",,yes
a-woman-without-love-1952,A Woman Without Love,1952,1950s,Drama,,85,"After indulging in an affair with a man (a friend of the family) she truly loves, a woman returns to her young son and husband for good, and loses contact with the man. Her husband is unaware of the affair. Twenty years later, there is news that the friend has died and left all of his money to the younger son in the family, which leads us to question this younger son's biological origin...",Available,No current licence on this title. Available across all platforms and territories.,,,yes
anni-difficili-1948,Anni difficili,1948,1940s,Drama; War,,,"Aldo Piscitello, a minor government clerk, is forced in 1934 to join the Fascist party. When the war comes, he finds himself able only to talk ineffectually in secret against Mussolini, even as his own son Giovanni is sent into battle. By the end of the war, Aldo has found the courage to stand up for his beliefs, but by then it is too late.",Available,No current licence on this title. Available across all platforms and territories.,,,yes
arch-of-triumph-1948,Arch of Triumph,1948,1940s,Drama; Romance; War,,,A refugee surgeon hiding in pre-war Paris falls for a troubled woman while hunting the Gestapo agent who tortured him.,Licensed,Non-exclusive YouTube licence (VA Media). Available for additional licensing.,"US, CA, UK/Ire, ANZ",,yes
bad-man-of-deadwood-1941,Bad Man of Deadwood,1941,1940s,Western,,,"A traveling medicine show run by Roy and Gabby runs afoul of the outlaw gang controlling the town of Deadwood, and stays to bring them to justice.",Licensed,Non-exclusive YouTube licence (VA Media). Available for additional licensing.,"US, CA, UK/Ire, ANZ",,yes
bad-man-s-river-1971,Bad Man's River,1971,1970s,Western; Comedy,,,"An outlaw is swindled out of his loot by the woman he just married, then crosses paths with her again — now married to a Mexican revolutionary — while chasing a million-dollar government cheque.",Licensed,Non-exclusive YouTube licence (VA Media). Available for additional licensing.,"US, CA, UK/Ire, ANZ",,yes
baran-2001,Baran,2001,2000s,Drama; Romance,Farsi,94,"In a building site in present-day Tehran, Lateef, a 17-year-old Turkish worker is irresistibly drawn to Rahmat, a young Afghan worker. The revelation of Rahmat's secret changes both their lives.",Available,No current licence on this title. Available across all platforms and territories.,,,yes
beautiful-1951,Beautiful,1951,1950s,Drama,Italian,109,A woman from the lower class desperately tries to get her daughter into the movies.,Available,No current licence on this title. Available across all platforms and territories.,,,yes
bedazzled-1967,Bedazzled,1967,1960s,Comedy; Fantasy,,,"A lovesick short-order cook sells his soul to the Devil for seven wishes to win the woman of his dreams, with predictably chaotic results.",Licensed,Non-exclusive YouTube licence (VA Media). Available for additional licensing.,"US, CA, UK/Ire, ANZ",,yes
bells-of-coronado-1950,Bells of Coronado,1950,1950s,Western; Musical,,,"Roy Rogers investigates a uranium-smuggling operation hidden behind a legitimate mining company, with Dale Evans working undercover on the inside.",Licensed,Non-exclusive YouTube licence (VA Media). Available for additional licensing.,"US, CA, UK/Ire, ANZ",,yes
bells-of-rosarita-1945,Bells of Rosarita,1945,1940s,Western; Musical,,,Roy Rogers helps a traveling circus owner (Dale Evans) fend off a crooked scheme to seize her family ranch before she can inherit it.,Licensed,Non-exclusive YouTube licence (VA Media). Available for additional licensing.,"US, CA, UK/Ire, ANZ",,yes
berlin-express-1948,Berlin Express,1948,1940s,Drama; Film-Noir; Mystery,,,An international group of passengers on a train through occupied postwar Germany is drawn into a Nazi underground plot to assassinate a leader pushing for Allied unity.,Licensed,Non-exclusive YouTube licence (VA Media). Available for additional licensing.,"US, CA, UK/Ire, ANZ",,yes
bicycle-thieves-1948,Bicycle Thieves,1948,1940s,Drama,,,A poor father in postwar Rome and his young son scour the city for the stolen bicycle he desperately needs to keep his new job.,Licensed,Non-exclusive YouTube licence (VA Media). Available for additional licensing.,"US, CA, UK/Ire, ANZ",,yes
big-time-operators-1957,Big Time Operators,1957,1950s,Comedy,,80,"A young couple inherits a debt-ridden old movie theater, appropriately nicknamed ""The Flea Pit"", and the three eccentric senior citizens who work there.",Available,No current licence on this title. Available across all platforms and territories.,,,yes
black-girl-1966,Black Girl,1966,1960s,Drama,French,58,A black girl from Senegal becomes a servant in France.,Available,No current licence on this title. Available across all platforms and territories.,,,yes
black-sabbath-1963,Black Sabbath,1963,1960s,Horror,Italian,92,"Boris Karloff hosts a trio of horror stories concerning a stalked call girl, a vampire-like monster who preys on his family, and a nurse who is haunted by her ring's rightful owner.",Available,No current licence on this title. Available across all platforms and territories.,,,yes
blowing-wild-1953,Blowing Wild,1953,1950s,Action; Adventure; Drama,English,60,"In South America, after Jeff Dawson and Dutch Peterson's oil rigs are dynamited by local bandits, the two partners resort to risky transportation of nitroglycerin to raise money.",Available,No current licence on this title. Available across all platforms and territories.,,,yes
boeing-boeing-1965,"Boeing, Boeing",1965,1960s,Comedy,,,A Paris-based playboy juggles engagements to three international airline stewardesses using their flight schedules — until faster jets throw all three into town at once.,Licensed,Non-exclusive YouTube licence (VA Media). Available for additional licensing.,"US, CA, UK/Ire, ANZ",,yes
bon-voyage-1944,Bon Voyage,1944,1940s,Short; War,French,26,"A young Scottish R. A. F. Gunner is debriefed by French officials about his escape from occupied territory, and in particular one person who may or may not have been a German Agent.",Available,No current licence on this title. Available across all platforms and territories.,,,yes
cairo-station-1958,Cairo Station,1958,1950s,Crime; Drama,,77,A newspaper salesman at the train station in Cairo develops an unhealthy obsession with a woman who sells refreshments.,Available,No current licence on this title. Available across all platforms and territories.,,,yes
captain-apache-1971,Captain Apache,1971,1970s,Western; Mystery,,,A Native American U.S. Cavalry officer investigates the murder of an Indian Affairs commissioner and uncovers a conspiracy to assassinate the President.,Licensed,Non-exclusive YouTube licence (VA Media). Available for additional licensing.,"US, CA, UK/Ire, ANZ",,yes
caravaggio-1986,Caravaggio,1986,1980s,Biography; Drama; History,English,93,"A retelling of the life of the celebrated 17th-century painter through his brilliant, nearly blasphemous paintings and his flirtations with the underworld.",Available,No current licence on this title. Available across all platforms and territories.,,,yes
charade-1963,Charade,1963,1960s,Thriller; Comedy; Romance,,,"A widow in Paris is pursued by men hunting a fortune her murdered husband stole, unsure which of them — including a charming stranger — she can trust.",Licensed,Non-exclusive YouTube licence (VA Media). Available for additional licensing.,"US, CA, UK/Ire, ANZ",,yes
cloak-and-dagger-1946,Cloak and Dagger,1946,1940s,Thriller; War,,,An American physicist is recruited by the OSS to extract a nuclear scientist from occupied Europe before the Nazis can complete an atomic weapon.,Licensed,Non-exclusive YouTube licence (VA Media). Available for additional licensing.,"US, CA, UK/Ire, ANZ",,yes
comanche-1956,Comanche,1956,1950s,Drama; Western,,87,Common efforts of the U.S. government and the Comanche nation to negotiate a peace treaty are sabotaged by renegade Indians and by the short-sighted Indian Commissioner (Lowell Gilmore).,Available,No current licence on this title. Available across all platforms and territories.,,,yes
come-drink-with-me-1966,Come Drink with Me,1966,1960s,Action; Crime,Chinese,90,"Bandits kidnap a governor's son and demand their imprisoned leader to be set free in exchange. The governor's daughter, a skilled martial artist, is sent to rescue him, but eventually finds herself overmatched and in need of assistance.",Available,No current licence on this title. Available across all platforms and territories.,,,yes
cowboy-and-the-senorita-1944,Cowboy And The Senorita,1944,1940s,Western; Musical,,,Roy Rogers helps a young woman searching for her missing father uncover a silver-mine swindle in a frontier town.,Licensed,Non-exclusive YouTube licence (VA Media). Available for additional licensing.,"US, CA, UK/Ire, ANZ",,yes
dawn-rider-1935,Dawn Rider,1935,1930s,Western,,,"A cowboy hunts the outlaws who murdered his father and robbed a stagecoach, only to fall for the sister of one of the men he's tracking.",Licensed,Non-exclusive YouTube licence (VA Media). Available for additional licensing.,"US, CA, UK/Ire, ANZ",,yes
der-leone-have-sept-cabe-as-1970,Der Leone Have Sept Cabeças,1970,1970s,Drama,,,"A Latin-American insurgent and a black leader join forces to free an African nation. But they'll have to face a German mercenary aided by an American agent and a Portuguese advisor, all working for a mysterious woman.",Available,No current licence on this title. Available across all platforms and territories.,,,yes
desert-trail-1935,Desert Trail,1935,1930s,Western,,,A rodeo champion wrongly accused of robbery teams up with his sidekick to clear his name and catch the real thief.,Licensed,Non-exclusive YouTube licence (VA Media). Available for additional licensing.,"US, CA, UK/Ire, ANZ",,yes
dona-flor-and-her-two-husbands-1976,Dona Flor and Her Two Husbands,1976,1970s,Comedy; Fantasy; Romance,,110,"In a small city of Brazil, a woman named Flor marries a man named Vadinho, but once married she finds that he is a good-for-nothing. She works teaching cooking and he takes all of her money to gamble. After Vadinho dies, Flor marries Tedoror, the owner of a drugstore. Flor is happy with her new husband but misses the love life with her previous husband. When one day the ghost of Vadhino comes back to pursue her.",Available,No current licence on this title. Available across all platforms and territories.,,,yes
dragon-inn-1967,Dragon Inn,1967,1960s,Action; Adventure,Chinese,111,"When the children of an executed General are pursued in 1457 China, some heroic martial arts swordsmen intervene.",Available,No current licence on this title. Available across all platforms and territories.,,,yes
dream-2008,Dream,2008,2000s,Drama; Fantasy; Mystery,,95,"In the aftermath of a car crash, a man discovers his dreams are tied to a stranger's sleepwalking.",Available,No current licence on this title. Available across all platforms and territories.,,,yes
drunken-angel-1948,Drunken Angel,1948,1940s,Crime; Drama; Romance,Japanese,98,A drunken doctor with a hot temper and a violence-prone gangster with tuberculosis form a quicksilver bond.,Available,No current licence on this title. Available across all platforms and territories.,,,yes
edward-ii-1991,Edward II,1991,1990s,Drama; History; Romance,,87,"In this Derek Jarman version of Christopher Marlowe's Elizabethan drama, in modern costumes and settings, Plantagenet king Edward II hands the power-craving nobility the perfect excuse by taking as lover besides his diplomatic wife, the French princess Isabel, not an acceptable lady at court but the ambitious Piers Gaveston, who uses his favor in bed even to wield political influence - the stage is set for a palace revolt which sends the gay pair from the throne to a terminal torture dungeon.",Available,No current licence on this title. Available across all platforms and territories.,,,yes
el-mural-2010,El mural,2010,2010s,Biography; Drama,Spanish,111,"While in Argentina, renowned Mexican muralist David Siqueiros paints the mural ""Ejercicio plástico"" at the country home of newspaper owner Natalio Botana. Set in the 1930's, this lovely historical reconstruction serves as a testament to the creation of a masterpiece, while depicting the controversial private and public events that shaped its materialization. A complex storyline which includes Argentina history, romance, drama and much more. A story of ethics, infidelity, love and hate around the renowned David Siqueiros, no one is innocent here; everybody shows weakness and values as well, there is no black and white. There are multiple tones, as in a Siqueiros painting.",Available,No current licence on this title. Available across all platforms and territories.,,,yes
escape-from-sobibor-1987,Escape from Sobibor,1987,1980s,Drama; War,,,"Jewish prisoners at the Sobibor extermination camp secretly plan and carry out a mass uprising and breakout, based on the true story.",Licensed,Non-exclusive YouTube licence (VA Media). Available for additional licensing.,"US, CA, UK/Ire, ANZ",Made for television,yes
father-of-the-bride-1950,Father of the Bride,1950,1950s,Comedy,,,A suburban father is thrown into a spiral of stress and expense as he tries to survive planning and paying for his daughter's wedding.,Licensed,Non-exclusive YouTube licence (VA Media). Available for additional licensing.,"US, CA, UK/Ire, ANZ",,yes
flame-of-my-love-1949,Flame of My Love,1949,1940s,Drama; Romance,,,"A woman's struggle for equality in Japan in the 1880s. Eiko Hirayama leaves Okayama for Tokyo, where she helps the fledgling Liberal Party and falls in love with its leader Kentaro Omoi, just as the party is being disbanded by the government. Eiko and Omoi are jailed because of a fire at a factory instigated by Chiyo, a servant girl from Eiko's home in Okayama, who was sold to slavery. A few years later the 1889 constitution is proclaimed, Eiko, Omoi, and Chiyo are pardoned, and the Liberal Party is reinaugurated. However Omoi does not campaign for women's rights.",Available,No current licence on this title. Available across all platforms and territories.,,,yes
foreign-correspondent-1940,Foreign Correspondent,1940,1940s,Thriller; War,,,An American reporter sent to Europe on the eve of WWII stumbles onto a spy ring and a plot that could change the course of the war.,Licensed,Non-exclusive YouTube licence (VA Media). Available for additional licensing.,"US, CA, UK/Ire, ANZ",Directed by Hitchcock,yes
four-nights-of-a-dreamer-1971,Four Nights of a Dreamer,1971,1970s,Drama; Romance,,87,"The 'dreamer' is Jacques, a young painter, who by chance runs into Marthe as she's contemplating suicide on the Pont-Neuf in Paris. They talk, and agree to see each other again the next night. Gradually, he discovers that her lover promised to meet her on the bridge that night, and he failed to turn up. Over the next couple of nights, Jacques falls in love with her - but on the fourth night her original lover returns...",Available,No current licence on this title. Available across all platforms and territories.,,,yes
frontier-horizon-1939,Frontier Horizon,1939,1930s,Western,,,The Three Mesquiteers uncover a corrupt scheme to condemn a settlers' town for a dam project the promoters never intend to finish honestly.,Licensed,Non-exclusive YouTube licence (VA Media). Available for additional licensing.,"US, CA, UK/Ire, ANZ",,yes
glamour-2011,Glamour,2011,2010s,Documentary,,,"What is Glamour ? Through interviews with creative specialists, Deborah Landis costume academy winner, film critic Dominique Paini and Stephen Gundle author of an extensive book entitled « Glamour », Galeshka Moravioff demonstrates how an aesthetic approach of Modern Entertainment has been conceived and exploited between the late 1920's throughout the 1950's. It shows how the great costumes designers, Jean Louis, Travilla, Adrian and Edith Head were a major influence on the fashion industry of the mid late 20th century up to today. Movie clips of all the major stars of this golden era features : Marylin Monroe, Rita Hayworth, Greta Garbo , Kim Novak, Gene Tierney, Lana Turner, Ava Gardner, Joan Crawford ,Katherine Hepburn, Jane Russel... in memorable scenes dressed in breathtaking iconic gowns.",Available,No current licence on this title. Available across all platforms and territories.,,,yes
goopy-gyne-bagha-byne-1969,Goopy Gyne Bagha Byne,1969,1960s,Adventure; Comedy; Family,,,"Goopy wants to sing, and Bagha wants to play the dhol. They meet accidentally and are helped by King of Ghosts. With newly endowed abilities, they land in kingdom of Shundi, where their adventure begins.",Available,No current licence on this title. Available across all platforms and territories.,,,yes
grizzly-1976,Grizzly,1976,1970s,Adventure; Horror; Thriller,English,91,"An eighteen-foot-tall grizzly bear terrorizes a state park, leaving it up to a Park Ranger to save the day.",Licensed,Non-exclusive YouTube licence (VA Media). Available for additional licensing.,"US, CA, UK/Ire, ANZ",,yes
hands-across-the-border-1944,Hands Across The Border,1944,1940s,Western; Musical,,,Roy Rogers investigates a series of horse thefts and a hidden scheme threatening a ranch near the Mexican border.,Licensed,Non-exclusive YouTube licence (VA Media). Available for additional licensing.,"US, CA, UK/Ire, ANZ",,yes
hellzapoppin-1941,Hellzapoppin',1941,1940s,Action; Comedy; Musical,,84,"Olsen and Johnson, a pair of stage comedians, try to turn their play into a movie and bring together a young couple in love, while breaking the fourth wall every step of the way.",Available,No current licence on this title. Available across all platforms and territories.,,,yes
home-in-oklahoma-1946,Home In Oklahoma,1946,1940s,Western; Musical,,,"Roy Rogers, working as a newspaper editor, investigates a murder tied to a land inheritance and a buried fortune.",Licensed,Non-exclusive YouTube licence (VA Media). Available for additional licensing.,"US, CA, UK/Ire, ANZ",,yes
hondo-1953,Hondo,1953,1950s,Drama; Romance; War,English,84,Army dispatch rider Hondo Lane discovers a woman and young son living in the midst of warring Apaches and becomes their protector.,Licensed,Non-exclusive YouTube licence (VA Media). Available for additional licensing.,"US, CA, UK/Ire, ANZ",,yes
house-of-usher-1960,House of Usher,1960,1960s,Drama; Horror,English,79,"Upon entering his fiancée's family mansion, a man discovers a savage family curse and fears that his future brother-in-law has entombed his bride-to-be prematurely.",Available,No current licence on this title. Available across all platforms and territories.,,,yes
hurry-sundown-1967,Hurry Sundown,1967,1960s,Drama,English,142,"Drama of a ruthless Southern opportunist who tries to buy his cousin's land, and when thwarted, brings several tragedies to the lives of his loved ones.",Available,No current licence on this title. Available across all platforms and territories.,,,yes
i-vitelloni-1953,I Vitelloni,1953,1950s,Comedy; Drama,Italian,108,A character study of five young men at crucial turning points in their lives in a small town in Italy.,Available,No current licence on this title. Available across all platforms and territories.,,,yes
idaho-1943,Idaho,1943,1940s,Western; Musical,,,Roy Rogers helps a young woman and a general store owner fend off a corrupt landgrabber threatening their town.,Licensed,Non-exclusive YouTube licence (VA Media). Available for additional licensing.,"US, CA, UK/Ire, ANZ",,yes
ikiru-1952,Ikiru,1952,1950s,Drama,Japanese,143,A bureaucrat tries to find meaning in his life after he discovers he has terminal cancer.,Available,No current licence on this title. Available across all platforms and territories.,,,yes
in-the-year-2889-1967,In The Year 2889,1967,1960s,Sci-Fi; Horror,,,Survivors of a nuclear war holed up in a remote valley must fend off radiation-mutated cannibals as tensions rise within their own group.,Licensed,Non-exclusive YouTube licence (VA Media). Available for additional licensing.,"US, CA, UK/Ire, ANZ",Made for television,yes
it-happened-tomorrow-1944,It Happened Tomorrow,1944,1940s,Fantasy; Comedy,,,A newspaperman granted the bizarre gift of receiving tomorrow's paper today uses it to get ahead — until the headlines start predicting his own death.,Licensed,Non-exclusive YouTube licence (VA Media). Available for additional licensing.,"US, CA, UK/Ire, ANZ",,yes
ivan-the-terrible-part-i-1944,"Ivan the Terrible, Part I",1944,1940s,Biography; Drama; History,Russian,95,"During the early part of his reign, Ivan the Terrible faces betrayal from the aristocracy and even his closest friends as he seeks to unite the Russian people.",Available,No current licence on this title. Available across all platforms and territories.,,,yes
ivan-s-childhood-1962,Ivan's Childhood,1962,1960s,Drama; War,Russian,95,"During WWII, Soviet orphan Ivan Bondarev strikes up a friendship with three sympathetic Soviet officers while working as a scout behind the German lines.",Available,No current licence on this title. Available across all platforms and territories.,,,yes
kansas-pacific-1953,Kansas Pacific,1953,1950s,Western,,,A Union Army engineer races to complete a vital railroad line before Confederate saboteurs can destroy it on the eve of the Civil War.,Licensed,Non-exclusive YouTube licence (VA Media). Available for additional licensing.,"US, CA, UK/Ire, ANZ",,yes
kentucky-rifle-1955,Kentucky Rifle,1955,1950s,Western,,,Settlers stranded in the desert after their wagon breaks down must fend off outlaws and hostile raiders while guarding a shipment of rifles.,Licensed,Non-exclusive YouTube licence (VA Media). Available for additional licensing.,"US, CA, UK/Ire, ANZ",,yes
kiss-tomorrow-goodbye-1950,Kiss Tomorrow Goodbye,1950,1950s,Crime; Film-Noir,,,"A ruthless ex-convict claws his way up through the criminal underworld after a prison break, betraying everyone in his path.",Licensed,Non-exclusive YouTube licence (VA Media). Available for additional licensing.,"US, CA, UK/Ire, ANZ",,yes
knock-on-wood-1954,Knock on Wood,1954,1950s,Comedy,English,103,"Discovering that a ventriloquist is travelling to Zurich, a spy ring hides secret plans in his dummies' heads. When a second spy ring learns of the plans, they descend upon the ventriloquist, causing city-wide pandemonium.",Available,No current licence on this title. Available across all platforms and territories.,,,yes
krug-vtoroy-1990,Krug vtoroy,1990,1990s,Drama,Russian,,A man tries to come to terms with his father's death and to deal with the mundane details of his burial in a society cut off from spirituality.,Available,No current licence on this title. Available across all platforms and territories.,,,yes
life-with-father-1947,Life With Father,1947,1940s,Comedy,,,"In 1880s New York, a strong-willed but loving patriarch clashes with his wife and sons over everything from finances to his own unbaptized status.",Licensed,Non-exclusive YouTube licence (VA Media). Available for additional licensing.,"US, CA, UK/Ire, ANZ",,yes
lights-of-old-santa-fe-1944,Lights of Old Santa Fe,1944,1940s,Western; Musical,,,Roy Rogers helps a young woman modernize her late father's failing rodeo business against a rival trying to run her out.,Licensed,Non-exclusive YouTube licence (VA Media). Available for additional licensing.,"US, CA, UK/Ire, ANZ",,yes
lisa-and-the-devil-1973,Lisa and the Devil,1973,1970s,Horror,,,"A tourist who gets lost in a Spanish city and wanders into a decaying mansion finds herself trapped with a mysterious, devilish manservant and the family he serves.",Licensed,Non-exclusive YouTube licence (VA Media). Available for additional licensing.,"US, CA, UK/Ire, ANZ",,yes
lone-ranger-1956,Lone Ranger,1956,1950s,Western,,,The masked lawman and Tonto uncover a scheme by a corrupt landowner to trigger an Indian war and seize a mountain rich in silver.,Licensed,Non-exclusive YouTube licence (VA Media). Available for additional licensing.,"US, CA, UK/Ire, ANZ",,yes
m-1931,M,1931,1930s,Thriller; Crime,,,A German city descends into panic as police and the criminal underworld both race to catch a child murderer terrorizing the streets.,Licensed,Non-exclusive YouTube licence (VA Media). Available for additional licensing.,"US, CA, UK/Ire, ANZ",Directed by Fritz Lang,yes
machine-gun-kelly-1958,Machine-Gun Kelly,1958,1950s,Action; Biography,English,83,"The criminal exploits of Public Enemy number 1, George 'Machine-Gun' Kelly, during the 1930s.",Available,No current licence on this title. Available across all platforms and territories.,,,yes
man-hunt-1941,Man Hunt,1941,1940s,Thriller; War,,,"A British big-game hunter who takes a symbolic pot-shot at Hitler is captured, tortured, and pursued across Europe by Gestapo agents after his escape.",Licensed,Non-exclusive YouTube licence (VA Media). Available for additional licensing.,"US, CA, UK/Ire, ANZ",Directed by Fritz Lang,yes
matador-1986,Matador,1986,1980s,Drama; Thriller,Spanish,106,A matador is wounded by a bull and can no longer kill in the arena. It is just one of the problems of one of the characters that unexpectedly collide in this film.,Available,No current licence on this title. Available across all platforms and territories.,,,yes
mirror-1975,Mirror,1975,1970s,Biography; Drama,Russian,107,"A dying man in his forties remembers his past. His childhood, his mother, the war, personal moments and things that tell of the recent history of all the Russian nation.",Available,No current licence on this title. Available across all platforms and territories.,,,yes
mohawk-1956,Mohawk,1956,1950s,Western; Romance,,,A Boston artist sent to paint the Iroquois falls for a chief's daughter just as a land-hungry settler schemes to ignite a war between settlers and natives.,Licensed,Non-exclusive YouTube licence (VA Media). Available for additional licensing.,"US, CA, UK/Ire, ANZ",,yes
moloch-1999,Moloch,1999,1990s,Drama,,108,"In 1942, in Bavaria, Eva Braun is alone, when Adolf Hitler arrives with Dr. Josef Goebbels and his wife Magda Goebbels and Martin Bormann to spend a couple of days without talking politics.",Available,No current licence on this title. Available across all platforms and territories.,,,yes
murder-1930,Murder!,1930,1930s,Crime; Mystery; Thriller,English,102,"A juror in a murder trial, after voting to convict, has second thoughts and begins to investigate on his own before the execution.",Available,No current licence on this title. Available across all platforms and territories.,,,yes
musashino-fujin-1951,Musashino fujin,1951,1950s,Drama; Romance,,,"Set in post-war Japan, The Lady of Musashino tells the story of Michiko, a disillusioned young woman trapped in a loveless marriage. She confides in her younger cousin, Tsutomo, and the two become close.",Available,No current licence on this title. Available across all platforms and territories.,,,yes
my-winter-journey-2003,My Winter Journey,2003,2000s,Drama,,,"German filmmaker Vincent Dieutre is accompanied by a close friend's teenage son on a trip to Berlin and in the process reminisces about his life as a gay man in his 2003 autobiographical documentary entitled Mon Voyage d'Hiver (My Voyage in Winter). Dieutre and his traveling companion, Itvan, visit numerous friends and landmarks, all holding special meaning to the 40-year-old filmmaker as they make their way to the German capital. As the pair grows closer as friends, Dieutre also takes on a paternalistic relationship with the boy as he details his own journey of self discovery -- partially to assist Itvan with his own adult transformation, but also as a means for Dieutre's own legacy to endure.",Available,No current licence on this title. Available across all platforms and territories.,,,yes
no-blade-of-grass-1970,No Blade of Grass,1970,1970s,Drama; Sci-Fi,English,96,"An environmental catastrophe destroys civilization. Led by father John and mother Ann, the Custance clan sets out on a quest for safety in a savage world that may just end up turning them into the very thing they are fleeing.",Available,No current licence on this title. Available across all platforms and territories.,,,yes
obsession-1943,Obsession,1943,1940s,Crime; Drama; Romance,Italian,135,"Gino, a drifter, begins an affair with inn-owner Giovanna, and they plan to get rid of her older husband.",Available,No current licence on this title. Available across all platforms and territories.,,,yes
oliver-twist-1948,Oliver Twist,1948,1940s,Drama,,105,"In Charles Dickens' classic tale, an orphan wends his way from cruel apprenticeship to den of thieves in search of a true home.",Available,No current licence on this title. Available across all platforms and territories.,,,yes
on-the-double-1961,On the Double,1961,1960s,Adventure; Comedy; War,English,92,"At the time of the Invasion of Normandy, an American soldier is asked to impersonate a British General in order to confuse the Nazi spies and assassins in London.",Available,No current licence on this title. Available across all platforms and territories.,,,yes
pather-panchali-1955,Pather Panchali,1955,1950s,Drama,Bengali,125,"Impoverished priest Harihar Ray, dreaming of a better life for himself and his family, leaves his rural Bengal village in search of work.",Available,No current licence on this title. Available across all platforms and territories.,,,yes
poor-little-rich-girl-1936,Poor Little Rich Girl,1936,1930s,Musical; Comedy,,,"A wealthy but neglected little girl runs away and, mistaken for an orphan, ends up performing in a vaudeville act with two down-on-their-luck entertainers.",Licensed,Non-exclusive YouTube licence (VA Media). Available for additional licensing.,"US, CA, UK/Ire, ANZ",,yes
queen-of-outer-space-1958,Queen of Outer Space,1958,1950s,Adventure; Fantasy; Sci-Fi,English,80,"American astronauts are drawn by a mysterious force to the planet Venus, which they find to be inhabited only by beautiful women and their despotic queen.",Licensed,Non-exclusive YouTube licence (VA Media). Available for additional licensing.,"US, CA, UK/Ire, ANZ",,yes
rabid-dogs-1974,Rabid Dogs,1974,1970s,Crime; Drama; Thriller,Italian,96,"Following a bungled robbery, three violent criminals take a young woman, a middle-aged man, and a child hostage and force them to drive them outside Rome to help them make a clean escape.",Available,No current licence on this title. Available across all platforms and territories.,,,yes
reign-of-terror-1949,Reign of Terror,1949,1940s,Film-Noir; History,,,"During the French Revolution, an undercover agent races to recover Robespierre's black book of enemies before it can be used to send more people to the guillotine.",Licensed,Non-exclusive YouTube licence (VA Media). Available for additional licensing.,"US, CA, UK/Ire, ANZ",,yes
retreat-hell-1952,"Retreat, Hell!",1952,1950s,War; Drama,,,U.S. Marines fight a grueling retreat from the Chosin Reservoir against overwhelming Chinese forces during the Korean War.,Licensed,Non-exclusive YouTube licence (VA Media). Available for additional licensing.,"US, CA, UK/Ire, ANZ",,yes
rough-riders-round-up-1939,Rough Riders Round-up,1939,1930s,Western; Musical,,,An ex-Rough Rider turned Border Patrolman (Roy Rogers) breaks up a smuggling ring using a movie production as cover on the US-Mexico border.,Licensed,Non-exclusive YouTube licence (VA Media). Available for additional licensing.,"US, CA, UK/Ire, ANZ",,yes
roy-colt-winchester-jack-1970,Roy Colt & Winchester Jack,1970,1970s,Comedy; Western,Italian,85,"Two gunmen, a Native American con-woman and a priest-turned-gangster alternate between fighting and aiding each other over obtaining a treasure map that will lead them to buried gold.",Available,No current licence on this title. Available across all platforms and territories.,,,yes
sansho-the-bailiff-1954,Sansho the Bailiff,1954,1950s,Drama,Japanese,124,"In medieval Japan, a compassionate governor is sent into exile. His wife and children try to join him, but are separated, and the children grow up amid suffering and oppression.",Available,No current licence on this title. Available across all platforms and territories.,,,yes
santa-fe-trail-1940,Santa Fe Trail,1940,1940s,Western; History,,,Army officers including Jeb Stuart and George Custer clash with abolitionist John Brown in the years leading up to the Civil War.,Licensed,Non-exclusive YouTube licence (VA Media). Available for additional licensing.,"US, CA, UK/Ire, ANZ",,yes
sherlock-holmes-and-a-study-in-scarlet-1933,Sherlock Holmes and a Study In Scarlet,1933,1930s,Mystery,,,Holmes investigates a secret society whose members are being murdered one by one so the survivors can split a growing fortune.,Licensed,Non-exclusive YouTube licence (VA Media). Available for additional licensing.,"US, CA, UK/Ire, ANZ",Part of the Sherlock Holmes series,yes
sherlock-holmes-and-the-pearl-of-death-1944,Sherlock Holmes and the Pearl of Death,1944,1940s,Crime; Drama; Mystery,English,69,"When a valuable pearl with a sinister reputation is stolen, Sherlock Holmes must investigate its link to a series of brutal murders.",Licensed,Non-exclusive YouTube licence (VA Media). Available for additional licensing.,"US, CA, UK/Ire, ANZ",,yes
sherlock-holmes-and-the-scarlet-claw-1944,Sherlock Holmes and the Scarlet Claw,1944,1940s,Crime; Mystery; Thriller,English,75,"When a gentlewoman is found dead with her throat torn out, the villagers blame a supernatural monster. But Sherlock Holmes, who gets drawn into the case from nearby Quebec, suspects a human murderer.",Licensed,Non-exclusive YouTube licence (VA Media). Available for additional licensing.,"US, CA, UK/Ire, ANZ",,yes
sherlock-holmes-and-the-secret-weapon-1942,Sherlock Holmes And The Secret Weapon,1942,1940s,Mystery; War,,,"Holmes races to protect a Swiss inventor's new bombsight from Professor Moriarty, who's selling it to the Nazis.",Licensed,Non-exclusive YouTube licence (VA Media). Available for additional licensing.,"US, CA, UK/Ire, ANZ",Part of the Sherlock Holmes series,yes
sherlock-holmes-and-the-spider-woman-1943,Sherlock Holmes and the Spider Woman,1943,1940s,Mystery; Thriller,English,63,"Sherlock Holmes investigates a series of so-called ""pajama suicides"". He knows the female villain behind them is as cunning as Moriarty and as venomous as a spider.",Licensed,Non-exclusive YouTube licence (VA Media). Available for additional licensing.,"US, CA, UK/Ire, ANZ",,yes
sherlock-holmes-and-the-voice-of-terror-1942,Sherlock Holmes and the Voice of Terror,1942,1940s,Mystery; War,,,Holmes is called in to unmask the Nazi saboteur behind a taunting radio broadcast that predicts British disasters before they happen.,Licensed,Non-exclusive YouTube licence (VA Media). Available for additional licensing.,"US, CA, UK/Ire, ANZ",Part of the Sherlock Holmes series,yes
sherlock-holmes-faces-death-1943,Sherlock Holmes Faces Death,1943,1940s,Crime; Mystery; Romance,English,68,"During WWII, several murders occur at a convalescent home where Dr. Watson has volunteered his services. He summons Holmes for help and the master detective proceeds to solve the crime from a long list of suspects including the owners of the home, the staff, and the patients recovering there.",Licensed,Non-exclusive YouTube licence (VA Media). Available for additional licensing.,"US, CA, UK/Ire, ANZ",,yes
sherlock-holmes-in-washington-1943,Sherlock Holmes in Washington,1943,1940s,Mystery; Thriller; War,English,71,Sherlock Holmes and Doctor Watson travel to Washington D.C. in order to prevent a secret document from falling into enemy hands.,Licensed,Non-exclusive YouTube licence (VA Media). Available for additional licensing.,"US, CA, UK/Ire, ANZ",,yes
sherlock-holmes-pursuit-to-algiers-1945,Sherlock Holmes: Pursuit to Algiers,1945,1940s,Adventure; Crime; Mystery,English,65,Holmes is recruited to escort the heir to a European throne safely back to his homeland after his father's assassination.,Licensed,Non-exclusive YouTube licence (VA Media). Available for additional licensing.,"US, CA, UK/Ire, ANZ",,yes
shock-1946,Shock,1946,1940s,Film-Noir; Thriller,English,67,A psychologically distraught woman is committed to a private sanitarium by the man she witnessed commit a murder.,Available,No current licence on this title. Available across all platforms and territories.,,,yes
shock-corridor-1963,Shock Corridor,1963,1960s,Drama; Thriller,,,"A journalist fakes insanity to get committed to an asylum and investigate an unsolved murder, risking his own sanity in the process.",Licensed,Non-exclusive YouTube licence (VA Media). Available for additional licensing.,"US, CA, UK/Ire, ANZ",Directed by Sam Fuller,yes
sing-cowboy-sing-1937,Sing Cowboy Sing,1937,1930s,Western; Musical,,,A singing cowboy clears his outlaw brother's name while breaking up a gang framing him for a string of robberies.,Licensed,Non-exclusive YouTube licence (VA Media). Available for additional licensing.,"US, CA, UK/Ire, ANZ",,yes
stagecoach-1939,Stagecoach,1939,1930s,Western,,,"A disparate group of strangers cross dangerous Apache territory together by stagecoach, including an outlaw seeking revenge.",Licensed,Non-exclusive YouTube licence (VA Media). Available for additional licensing.,"US, CA, UK/Ire, ANZ",Directed by John Ford,yes
storm-in-a-teacup-1937,Storm in a Teacup,1937,1930s,Comedy; Romance,English,87,"A local politician in Scotland tries to break the reporter who wrote a negative story about him, and who is also in love with his daughter.",Available,No current licence on this title. Available across all platforms and territories.,,,yes
stray-dog-1949,Stray Dog,1949,1940s,Crime; Drama; Film-Noir,,122,"During a sweltering summer, a rookie homicide detective tries to track down his stolen Colt pistol.",Available,No current licence on this title. Available across all platforms and territories.,,,yes
suddenly-1954,Suddenly,1954,1950s,Thriller; Film-Noir,,,A hired assassin and his crew take over a family's home to use it as a sniper's nest for a planned assassination of the U.S. President.,Licensed,Non-exclusive YouTube licence (VA Media). Available for additional licensing.,"US, CA, UK/Ire, ANZ",,yes
summer-of-fear-1978,Summer of Fear,1978,1970s,Horror; Thriller,English,92,"A teenage girl's life is turned upside down after her cousin moves into her house, and as time goes by she begins to suspect that she may be a practitioner of witchcraft.",Available,No current licence on this title. Available across all platforms and territories.,,,yes
taira-clan-saga-1955,Taira Clan Saga,1955,1950s,Drama; History,Japanese,103,"After his father is not rewarded for his military achievements, Taira Kiyomori rebels against the court and the monks who rule the country. He also falls in love with Tokiko and discovers unsettling revelations about his parentage.",Available,No current licence on this title. Available across all platforms and territories.,,,yes
teenage-zombies-1959,Teenage Zombies,1959,1950s,Sci-Fi; Horror,,,Teenagers on a boat trip are stranded on an island run by a mad scientist turning captives into obedient zombie slaves.,Licensed,Non-exclusive YouTube licence (VA Media). Available for additional licensing.,"US, CA, UK/Ire, ANZ",,yes
teorema-1968,Teorema,1968,1960s,Drama; Mystery,Italian,98,"A mysterious young man seduces each member of a bourgeois family. When he suddenly leaves, how will their lives change?",Available,No current licence on this title. Available across all platforms and territories.,,,yes
the-10th-victim-1965,The 10th Victim,1965,1960s,Action; Comedy; Romance,Italian,92,"In a future where a human vs. human ""Big Hunt"" is used as an alternative to war, a veteran huntress' plan to kill a ""victim"" for a major TV sponsorship deal is compounded by romance.",Available,No current licence on this title. Available across all platforms and territories.,,,yes
the-addiction-1995,The Addiction,1995,1990s,Drama; Horror,English,82,"A New York philosophy grad student turns into a vampire after getting bitten by one, and then tries to come to terms with her new lifestyle and frequent craving for human blood.",Available,No current licence on this title. Available across all platforms and territories.,,,yes
the-big-sombrero-1949,The Big Sombrero,1949,1940s,Western; Musical,,,A singing cowboy (Gene Autry) helps a young Mexican-American heiress fend off a scheme to cheat her out of her family's rancho.,Licensed,Non-exclusive YouTube licence (VA Media). Available for additional licensing.,"US, CA, UK/Ire, ANZ",,yes
the-blazing-sun-1954,The Blazing Sun,1954,1950s,Crime; Drama; Romance,,105,"A rich landlord floods and destroys a village on purpose to prevent the people living there from making a profit off their crops. What he doesn't know is that his own daughter is in love with Ahmed, a young man from the village.",Available,No current licence on this title. Available across all platforms and territories.,,,yes
the-brotherhood-1968,The Brotherhood,1968,1960s,Crime; Drama,English,96,"The son of a powerful Mafia don comes home from his army service in Vietnam and wants to lead his own life, but family tradition, intrigues and powerplays involving his older brother dictate otherwise, and he finds himself being slowly drawn back into that world.",Available,No current licence on this title. Available across all platforms and territories.,,,yes
the-carson-city-kid-1940,The Carson City Kid,1940,1940s,Western,,,A gunfighter hunting the outlaw who killed his brother years ago discovers the trail leads somewhere he never expected.,Licensed,Non-exclusive YouTube licence (VA Media). Available for additional licensing.,"US, CA, UK/Ire, ANZ",,yes
the-castle-of-purity-1973,The Castle of Purity,1973,1970s,Drama,,110,"The story of a disciplined and sexually driven man who keeps his family isolated in his home for years to protect them from the ""evil nature"" of human beings while inventing (with his wife) rat poison.",Available,No current licence on this title. Available across all platforms and territories.,,,yes
the-chess-players-1977,The Chess Players,1977,1970s,Comedy; Drama; History,,129,"In 1856, two obsessed noblemen ignore everything while playing chess and fail to notice British rule extending into their Indian province.",Available,No current licence on this title. Available across all platforms and territories.,,,yes
the-children-1985,The Children,1985,1980s,Comedy,,84,"7 year-old boy Ernesto intrigues people around him for several reasons. Despite such a young age, he looks like a man on his 40's and also seems a little more intelligent than any of his peers - and the latter fact is what causes him to quit school, refusing to attend it because he doesn't want to learn the things he does not know. His family is very supportive of his actions, even though they don't have any clue of what's to become of him; at the same time the school headmaster and a journalist are concerned about Ernesto's real motivations for leaving school.",Available,No current licence on this title. Available across all platforms and territories.,,,yes
the-court-martial-of-billy-mitchell-1955,The Court-Martial of Billy Mitchell,1955,1950s,Drama; Biography; History,,,A visionary WWI-era Army general is court-martialed after publicly warning that America's military is dangerously unprepared for the age of air power.,Licensed,Non-exclusive YouTube licence (VA Media). Available for additional licensing.,"US, CA, UK/Ire, ANZ",,yes
the-exterminating-angel-1962,The Exterminating Angel,1962,1960s,Drama; Fantasy,Spanish,93,The guests at an upper-class dinner party find themselves unable to leave.,Available,No current licence on this title. Available across all platforms and territories.,,,yes
the-famous-sword-bijomaru-1945,The Famous Sword Bijomaru,1945,1940s,Drama,,,"Kiyone Sakurai, an apprentice swordmaker makes a sword for his guardian, Kozaemon Onoda. Onoda breaks the sword while defending his lord which eventually leads to his death at the hands of Naito, when Naito demands to marry his daughter Sasae. Sasae vows to avenge her father's death and pleads for Kiyone Sakurai to make a special sword for her. So Kiyone and his fellow swordmaker Kiyotsugu go to the master swordsmith Kiyohide Yamatomori to learn their craft and forge the sword.",Available,No current licence on this title. Available across all platforms and territories.,,,yes
the-five-pennies-1959,The Five Pennies,1959,1950s,Biography; Drama; Music,,117,"Danny Kaye cuts loose with his trademark musical clowning. Louis ""Satchmo"" Armstrong plays his horn and croons in that famed gargling-granite voice. Big Band icons Bob Crosby, Ray Anthony and Shelly Manne join the fun.",Available,No current licence on this title. Available across all platforms and territories.,,,yes
the-flavor-of-green-tea-over-rice-1952,The Flavor of Green Tea Over Rice,1952,1950s,Drama,,116,A childless middle-aged couple faces a marital crisis.,Available,No current licence on this title. Available across all platforms and territories.,,,yes
the-given-word-1962,The Given Word,1962,1960s,Drama,,,"A simple yet devout Christian makes a vow to Saint Barbara after she saves his donkey, but everyone he meets seems determined to misunderstand his intentions. Will he be able to keep his promise in the end?",Available,No current licence on this title. Available across all platforms and territories.,,,yes
the-great-madcap-1949,The Great Madcap,1949,1940s,Comedy,Spanish,91,A father decides to teach their bratty kids a lesson about the value of money.,Available,No current licence on this title. Available across all platforms and territories.,,,yes
the-great-rupert-1950,The Great Rupert,1950,1950s,Comedy; Fantasy,,,A down-on-their-luck vaudeville family's fortunes turn around thanks to a trained squirrel with a mysterious habit of finding hidden money.,Licensed,Non-exclusive YouTube licence (VA Media). Available for additional licensing.,"US, CA, UK/Ire, ANZ",,yes
the-hound-of-the-baskervilles-1939,The Hound of the Baskervilles,1939,1930s,Crime; Horror; Mystery,English,80,"Sherlock Holmes and Dr Watson investigate the legend of a supernatural hound, a beast that may be stalking a young heir on the fog-shrouded moorland that makes up his estate.",Licensed,Non-exclusive YouTube licence (VA Media). Available for additional licensing.,"US, CA, UK/Ire, ANZ",,yes
the-incredible-petrified-world-1959,The Incredible Petrified World,1959,1950s,Sci-Fi; Adventure,,,A diving bell expedition breaks free and strands four explorers in an underwater cavern with a mysterious long-term castaway.,Licensed,Non-exclusive YouTube licence (VA Media). Available for additional licensing.,"US, CA, UK/Ire, ANZ",,yes
the-king-and-four-queens-1956,The King and Four Queens,1956,1950s,Adventure; Comedy; Drama,English,84,Opportunistic con man Dan Kehoe ingratiates himself with the cantankerous mother of four outlaws and their beautiful widows in order to find their hidden gold.,Available,No current licence on this title. Available across all platforms and territories.,,,yes
the-life-and-loves-of-beethoven-1936,The Life and Loves of Beethoven,1936,1930s,Biography; Drama; Music,,,"Lyrical biography of the classical composer, depicted as a romantical hero, an accursed artist.",Available,No current licence on this title. Available across all platforms and territories.,,,yes
the-love-of-sumako-the-actress-1947,The Love of Sumako the Actress,1947,1940s,Drama,,,"The stage director Shimamura, who is bringing western theatre to Japan, falls in love with the outspoken actress Sumako Matsui, and leaves his family to be with her, while trying to keep his Art Theatre solvent.",Available,No current licence on this title. Available across all platforms and territories.,,,yes
the-music-room-1958,The Music Room,1958,1950s,Drama; Music,,95,"Depicts the end days of a decadent zamindar (landlord) in Bengal, and his efforts to uphold his family prestige even when faced with economic adversity.",Available,No current licence on this title. Available across all platforms and territories.,,,yes
the-only-son-1936,The Only Son,1936,1930s,Drama,Japanese,83,"A widow sends her only son away to receive a better education. Years later, she visits him, finding him a poor school teacher with a wife and son.",Available,No current licence on this title. Available across all platforms and territories.,,,yes
the-outlaw-1943,The Outlaw,1943,1940s,Western,,,"Billy the Kid, Doc Holliday, and a fiery ranch woman form a tangled love triangle amid gunfights and betrayal on the frontier.",Licensed,Non-exclusive YouTube licence (VA Media). Available for additional licensing.,"US, CA, UK/Ire, ANZ",,yes
the-pit-and-the-pendulum-1961,The Pit and the Pendulum,1961,1960s,Drama; Horror; Mystery,English,80,"In the sixteenth century, Francis Barnard travels to Spain to clarify the strange circumstances of his sister's death after she had married the son of a cruel Spanish Inquisitor.",Available,No current licence on this title. Available across all platforms and territories.,,,yes
the-pizza-triangle-1970,The Pizza Triangle,1970,1970s,Comedy; Drama; Romance,,99,A three-way love affair in the Rome of the early seventies.,Available,No current licence on this title. Available across all platforms and territories.,,,yes
the-quiet-duel-1949,The Quiet Duel,1949,1940s,Drama,Japanese,95,"A surgeon gets syphilis from a patient when he cuts himself during an operation. The doctor's life is destroyed, but unlike the patient, he doesn't destroy others along with him.",Available,No current licence on this title. Available across all platforms and territories.,,,yes
the-quiet-man-1952,The Quiet Man,1952,1950s,Comedy; Drama; Romance,English,129,"A retired American boxer returns to the village of his birth in 1920s Ireland, where he falls for a spirited redhead whose brother is contemptuous of their union.",Available,No current licence on this title. Available across all platforms and territories.,,,yes
the-return-of-frank-james-1940,The Return Of Frank James,1940,1940s,Drama; Western,English,93,Frank James continues to avoid arrest in order to take revenge on the Ford brothers for their murder of his brother Jesse.,Available,No current licence on this title. Available across all platforms and territories.,,,yes
the-river-1997,The River,1997,1990s,Drama; Romance,Chinese,116,A young man develops severe neck pain after swimming in a polluted river; his dysfunctional parents are unable to provide any relief for him or themselves.,Available,No current licence on this title. Available across all platforms and territories.,,,yes
the-rules-of-the-game-1939,The Rules of the Game,1939,1930s,Comedy; Drama,French,106,"A bourgeois life in France at the onset of World War II, as the rich and their poor servants meet up at a French chateau.",Available,No current licence on this title. Available across all platforms and territories.,,,yes
the-snows-of-kilimanjaro-1952,The Snows of Kilimanjaro,1952,1950s,Adventure; Drama; Romance,English,114,Writer Harry Street reflects on his life as he lies dying from an infection while on safari in the shadow of Mount Kilamanjaro.,Available,No current licence on this title. Available across all platforms and territories.,,,yes
the-story-of-qiu-ju-1992,The Story of Qiu Ju,1992,1990s,Comedy; Drama,Chinese,100,A peasant woman seeks justice after the headman of her village has kicked her husband in the groin.,Available,No current licence on this title. Available across all platforms and territories.,,,yes
the-story-of-the-last-chrysanthemum-1939,The Story of the Last Chrysanthemum,1939,1930s,Drama; Romance,Japanese,143,"The adopted son of a legendary actor, and an aspiring star himself, turns to his infant brother's wet nurse for support and affection - only for her to give up everything for her beloved's glory.",Available,No current licence on this title. Available across all platforms and territories.,,,yes
the-stranger-1991,The Stranger,1991,1990s,Drama,,97,"A well-off family is paid an unexpected, and rather unwanted, visit by a man claiming to be the woman's long-lost uncle. The initial suspicion with which they greet the man slowly dissolves as he regales them with stories of his travels.",Available,No current licence on this title. Available across all platforms and territories.,,,yes
the-sundowners-1960,The Sundowners,1960,1960s,Drama,,,An Australian sheep-droving family debates settling down for good as they roam the outback with their flock.,Licensed,Non-exclusive YouTube licence (VA Media). Available for additional licensing.,"US, CA, UK/Ire, ANZ",,yes
the-trial-1962,The Trial,1962,1960s,Drama; Mystery,,,"A man is arrested and prosecuted by an opaque, incomprehensible authority for a crime that is never specified, in Welles' adaptation of Kafka's novel.",Licensed,Non-exclusive YouTube licence (VA Media). Available for additional licensing.,"US, CA, UK/Ire, ANZ, France",Directed by Orson Welles,yes
the-woman-in-the-window-1944,The Woman in the Window,1944,1940s,Film-Noir,,,"A mild-mannered professor's chance encounter with a woman's portrait draws him into an affair, a killing, and a spiraling cover-up.",Licensed,Non-exclusive YouTube licence (VA Media). Available for additional licensing.,"US, CA, UK/Ire, ANZ",Directed by Fritz Lang,yes
there-was-a-father-1942,There Was a Father,1942,1940s,Drama,Japanese,87,"A schoolteacher struggles to raise his son Ryohei by himself, having neither money nor future prospects.",Available,No current licence on this title. Available across all platforms and territories.,,,yes
thirst-1957,Thirst,1957,1950s,Drama; Musical; Romance,Hindi,146,"Vijay, a talented but indigent poet, struggles for love and recognition in this selfish world.",Available,No current licence on this title. Available across all platforms and territories.,,,yes
three-swords-of-zorro-1963,Three Swords of Zorro,1963,1960s,Adventure,,,Zorro trains a young successor to take up the mask and defend the oppressed against a corrupt colonial governor.,Licensed,Non-exclusive YouTube licence (VA Media). Available for additional licensing.,"US, CA, UK/Ire, ANZ",,yes
throne-of-blood-1957,Throne of Blood,1957,1950s,Drama,Japanese,110,"A war-hardened general, egged on by his ambitious wife, works to fulfill a prophecy that he would become lord of Spider's Web Castle.",Available,No current licence on this title. Available across all platforms and territories.,,,yes
ugetsu-1953,Ugetsu,1953,1950s,Drama; Fantasy; War,Japanese,96,"A tale of ambition, family, love, and war set in the midst of the Japanese Civil Wars of the sixteenth century.",Available,No current licence on this title. Available across all platforms and territories.,,,yes
venom-and-eternity-1951,Venom and Eternity,1951,1950s,Drama,,120,"In this experimental film, Isidore Isou, the leader of the lettrist movement, lashes out at conventional cinema and offers a revolutionary form of movie-making: through scratching and bleaching the film, through desynchronizing the soundtrack and the visual track, through deconstructing the story, he aims to renew the seventh art the same way he tried to revolutionize the literary world.",Available,No current licence on this title. Available across all platforms and territories.,,,yes
vixen-1968,Vixen!,1968,1960s,Drama,,70,"A naive bush pilot flies tourists to the wilderness of NW Canada while his nympho wife gets lonely - or does she? A Mountie, a married couple and her biker brother drop by while hubby's away.",Available,No current licence on this title. Available across all platforms and territories.,,,yes
voyage-to-the-planet-of-prehistoric-women-1968,Voyage to the Planet of Prehistoric Women,1968,1960s,Sci-Fi,,,Astronauts sent to rescue a stranded crew on Venus battle prehistoric monsters and unwittingly provoke the planet's mysterious native women.,Licensed,Non-exclusive YouTube licence (VA Media). Available for additional licensing.,"US, CA, UK/Ire, ANZ",,yes
water-2005,Water,2005,2000s,Drama,,117,"Set in colonial India against Gandhi's rise to power, it's the story of 8-year-old Chuyia, who is widowed and sent to a home to live in penitence; once there, Chuyia's feisty presence deeply affects the lives of the other residents.",Available,No current licence on this title. Available across all platforms and territories.,,,yes
we-don-t-live-here-anymore-2004,We Don't Live Here Anymore,2004,2000s,Drama; Romance,,101,An indiscretion between two close friends tears down their respective marriages.,Available,No current licence on this title. Available across all platforms and territories.,,,yes
widows-peak-1994,Widows' Peak,1994,1990s,Comedy; Crime; Mystery,,101,"In 1934, an English widow moves to Widows' Peak, Ireland. She befriends other widows and the son of one. Hostility escalates between her and an Irish spinster.",Available,No current licence on this title. Available across all platforms and territories.,,,yes
woman-in-the-dunes-1964,Woman in the Dunes,1964,1960s,Drama; Thriller,,147,An entomologist on vacation is trapped by local villagers into living with a woman whose life task is shoveling sand for them.,Available,No current licence on this title. Available across all platforms and territories.,,,yes
women-of-the-night-1948,Women of the Night,1948,1940s,Drama,,75,A mistress of a drug dealer in post-war Japan is shocked when she discovers that he is having an affair with her sister.,Available,No current licence on this title. Available across all platforms and territories.,,,yes
women-on-the-verge-of-a-nervous-breakdown-1988,Women on the Verge of a Nervous Breakdown,1988,1980s,Comedy; Drama,,88,A television actress encounters a variety of eccentric characters after embarking on a journey to discover why her lover abruptly left her.,Available,No current licence on this title. Available across all platforms and territories.,,,yes
